{
  "demo": true,
  "traces": {
    "demo-a-lapangan-terbuka": {
      "file": "demo-a-lapangan-terbuka.gpx",
      "chr": {
        "window": 11,
        "trimmed": 5,
        "east": {
          "n": 204,
          "mean": 0.004893441324689291,
          "sigma": 2.531131843346574,
          "skewness": 0.3901124814179995,
          "kurtosisExcess": -0.028491941946988675,
          "jarqueBera": 5.181283658800945,
          "jbPValue": 0.07497190546673467,
          "acf": [
            0.14381625253402425,
            -0.03978456592957015,
            -0.2195432297637894,
            -0.23309528546293132,
            -0.1693059591549934,
            -0.019850171661106763,
            -0.0015950667580001592,
            -0.04304180439015183,
            -0.014060765021715922,
            0.009287313450091476,
            -0.0713606716843722,
            -0.06176768621602426,
            0.03152622164818347,
            0.13941530838410326,
            0.09840576545998389,
            0.20107086134138813,
            0.05370499101897341,
            -0.005679437797487348,
            -0.09898804419404687,
            -0.13836624147550236
          ],
          "lag1": 0.14381625253402425,
          "decorrelationLag": 1
        },
        "north": {
          "n": 204,
          "mean": -0.018627745098065418,
          "sigma": 3.043122302912126,
          "skewness": -0.06375312970124487,
          "kurtosisExcess": -0.4966505152614591,
          "jarqueBera": 2.2348164342184464,
          "jbPValue": 0.32712653782563395,
          "acf": [
            0.2677632207749384,
            -0.18046115279181252,
            -0.22031827308620633,
            -0.3591540122476705,
            -0.3239797661347607,
            0.05069076188931136,
            0.16359840873973164,
            0.10207916490940129,
            0.08289431306496817,
            0.01833605361263954,
            -0.047527757574119374,
            -0.07423099420942325,
            -0.056392608866249416,
            0.07770463620310106,
            -0.003419980819867361,
            -0.022279873476035085,
            0.03606528356226619,
            0.007717577231383814,
            -0.07307478257905242,
            -0.004236452389677799
          ],
          "lag1": 0.2677632207749384,
          "decorrelationLag": 2
        },
        "sigmaRadialMean": 3.5562746965006027,
        "sigmaEffective": 2.798858853076038,
        "isotropyRatio": 0.8317548857383744,
        "verdict": "Konsisten dengan Gaussian isotropik i.i.d. pada taraf uji yang dipakai."
      },
      "replay": {
        "sai": {
          "applicable": true,
          "scale": 1.4,
          "legLengthM": 299.41,
          "truthLegs": 1,
          "predictedLegs": 1,
          "exact": true
        },
        "tawaf": {
          "truthRounds": 7,
          "predictedRounds": 7,
          "exact": true,
          "residualSamplesUsed": 68,
          "residualTiled": true
        },
        "miqat": {
          "acc": 97.44,
          "prec": 97.52,
          "rec": 97.1,
          "f1": 97.31,
          "total": 5350
        },
        "arafah": {
          "acc": 98.32,
          "prec": 98.35,
          "rec": 98.28,
          "f1": 98.32,
          "total": 5350
        },
        "jamarat": {
          "benar": 91.3,
          "salahPilar": 0,
          "takTerdeteksi": 8.7,
          "totalTruthDetected": 1035
        }
      }
    },
    "demo-b-urban-canyon": {
      "file": "demo-b-urban-canyon.gpx",
      "chr": {
        "window": 11,
        "trimmed": 5,
        "east": {
          "n": 198,
          "mean": -0.019973973520416664,
          "sigma": 4.715365746558347,
          "skewness": 0.8674708693601721,
          "kurtosisExcess": 2.3974699588662496,
          "jarqueBera": 72.25255158346589,
          "jbPValue": 2.044361868737943e-16,
          "acf": [
            0.21126158125508407,
            -0.031068550383580584,
            -0.1652464846353803,
            -0.19596772437157475,
            -0.21435825565427696,
            -0.06892243299911575,
            -0.12210401994109453,
            -0.04422143149834758,
            0.048265087076477524,
            0.07825911548292787,
            0.04934197096555977,
            0.018834453019280595,
            -0.1221654007191237,
            -0.050664927279998294,
            0.03177458570945431,
            0.022611896793695983,
            0.054851043252645226,
            0.04183361549613618,
            0.01523330990394838,
            -0.0940952219896411
          ],
          "lag1": 0.21126158125508407,
          "decorrelationLag": 2
        },
        "north": {
          "n": 198,
          "mean": -0.06493666666668702,
          "sigma": 4.134447301527263,
          "skewness": -0.03552471459521165,
          "kurtosisExcess": -0.45269791345946464,
          "jarqueBera": 1.7323632334704127,
          "jbPValue": 0.4205543248905128,
          "acf": [
            0.4352581360445389,
            0.08372922703765577,
            -0.2897067831863674,
            -0.3742528570240896,
            -0.3830394398954187,
            -0.18904033194043093,
            -0.04089605706462266,
            0.12586674094093164,
            0.11903461108206334,
            0.09437280252914299,
            0.1391977498982646,
            0.012976586697848758,
            0.03234351790729273,
            -0.012453186172613085,
            -0.06466117588347507,
            -0.15235853179514663,
            -0.17091074318384952,
            -0.09552106254701462,
            0.020979720980023535,
            0.0780623044769673
          ],
          "lag1": 0.4352581360445389,
          "decorrelationLag": 2
        },
        "sigmaRadialMean": 5.46951656381395,
        "sigmaEffective": 4.434429422875159,
        "isotropyRatio": 1.1405069172889186,
        "verdict": "autokorelasi temporal signifikan (lag-1 rho E=0.21, N=0.44) — melanggar asumsi i.i.d.; non-normal menurut Jarque-Bera (p_E=2.0e-16, p_N=4.2e-1)"
      },
      "replay": {
        "sai": {
          "applicable": true,
          "scale": 2.14,
          "legLengthM": 195.98,
          "truthLegs": 1,
          "predictedLegs": 1,
          "exact": true
        },
        "tawaf": {
          "truthRounds": 7,
          "predictedRounds": 7,
          "exact": true,
          "residualSamplesUsed": 66,
          "residualTiled": true
        },
        "miqat": {
          "acc": 97.38,
          "prec": 97.34,
          "rec": 97.63,
          "f1": 97.49,
          "total": 5200
        },
        "arafah": {
          "acc": 96.71,
          "prec": 96.77,
          "rec": 96.66,
          "f1": 96.71,
          "total": 5200
        },
        "jamarat": {
          "benar": 86.17,
          "salahPilar": 0,
          "takTerdeteksi": 13.83,
          "totalTruthDetected": 1121
        }
      }
    },
    "demo-c-bolak-balik": {
      "file": "demo-c-bolak-balik.gpx",
      "chr": {
        "window": 11,
        "trimmed": 5,
        "east": {
          "n": 2146,
          "mean": 0.0024256471888135806,
          "sigma": 3.4245742262552117,
          "skewness": -0.002865170478869226,
          "kurtosisExcess": 0.11373916927602545,
          "jarqueBera": 1.1596836851545038,
          "jbPValue": 0.5599869256510126,